pid,brand,product,price,standard drinks,price per sd
6026365,Scape Goat,Crisp Apple Cider Cans 10x330mL,20.99,12.0,1.75
6026365,Scape Goat,Crisp Apple Cider Cans 10x330mL,59.99,36.0,1.67
601563,CBCo Brewing,Bertie Apple Cider Cans 375mL,85.99,33.6,2.56
601563,CBCo Brewing,Bertie Apple Cider Cans 375mL,26.99,8.4,3.21
746009,Somersby,Pear Cider Cans 10x375mL,26.95,13.0,2.07
746009,Somersby,Pear Cider Cans 10x375mL,80.85,39.0,2.07
331438,5 Seeds,Crisp Apple Cider Bottles 345mL,24.99,8.16,3.06
331438,5 Seeds,Crisp Apple Cider Bottles 345mL,64.95,32.64,1.99
6026363,Scape Goat,Crisp Apple Cider Cans 330mL,15.99,7.2,2.22
6026363,Scape Goat,Crisp Apple Cider Cans 330mL,44.0,28.8,1.53
334184,Monteith's,Crushed Apple Cider 330mL,66.99,28.8,2.33
334184,Monteith's,Crushed Apple Cider 330mL,15.49,4.8,3.23
387419,Mountain Goat,Hazy Apple Cider Cans 375mL,25.99,9.0,2.89
387419,Mountain Goat,Hazy Apple Cider Cans 375mL,80.99,36.0,2.25
904904,Kopparberg,Tropical Cider Bottles 500mL,3.0,1.6,1.88
904904,Kopparberg,Tropical Cider Bottles 500mL,84.99,24.0,3.54
226194,Mercury,Hard Blackcurrant Can 375mL,74.0,57.6,1.28
226194,Mercury,Hard Blackcurrant Can 375mL,25.99,14.4,1.8
911699,Little Fat Lamb,Lemonator 8% 10 Pack Cans 375mL,26.0,24.0,1.08
911699,Little Fat Lamb,Lemonator 8% 10 Pack Cans 375mL,73.99,72.0,1.03
293740,Napoleone & Co,Apple Cider Cans 355mL,19.5,7.92,2.46
293740,Napoleone & Co,Apple Cider Cans 355mL,75.99,31.68,2.4
746013,Somersby,Apple Sparkling Cider Cans 10x375mL,23.95,13.3,1.8
746013,Somersby,Apple Sparkling Cider Cans 10x375mL,71.85,39.9,1.8
947193,Somersby,Blackberry Cider Bottles 330mL,22.0,4.0,5.5
947193,Somersby,Blackberry Cider Bottles 330mL,109.99,24.0,4.58
910502,Coldstream Brewery,Rose Cider Cans 375mL,19.99,9.6,2.08
910502,Coldstream Brewery,Rose Cider Cans 375mL,67.99,57.6,1.18
213728,Kelly Brothers,Apple Cider Cans 375mL,21.49,12.6,1.71
213728,Kelly Brothers,Apple Cider Cans 375mL,63.99,50.4,1.27
915237,Little Creatures,Pipsqueak Apple Cider Bottles 330mL,26.99,8.1,3.33
915237,Little Creatures,Pipsqueak Apple Cider Bottles 330mL,84.99,32.4,2.62
910429,Somersby,Super Crisp Cans 10x375mL,28.0,13.0,2.15
910429,Somersby,Super Crisp Cans 10x375mL,85.99,39.0,2.2
907490,Strongbow,Dry Apple Cider Bottles 355mL,17.0,8.4,2.02
907490,Strongbow,Dry Apple Cider Bottles 355mL,58.99,33.6,1.76
561680,Little Fat Lamb,Brewed Ginger Cans 375mL,26.0,24.0,1.08
561680,Little Fat Lamb,Brewed Ginger Cans 375mL,83.99,72.0,1.17
693169,Coldstream Brewery,Apple Cider Cans 375mL,20.0,9.0,2.22
693169,Coldstream Brewery,Apple Cider Cans 375mL,67.99,36.0,1.89
6012981,Zytho Brewing,Hazy Apple Cider 375mL,17.99,9.0,2.0
6012981,Zytho Brewing,Hazy Apple Cider 375mL,47.0,36.0,1.31
676176,Harcourt,Apple Cider Bottles 500mL,95.99,30.0,3.2
676176,Harcourt,Apple Cider Bottles 500mL,8.99,2.0,4.5
817182,Willie Smith's,Organic Apple Cider Cans 355mL,77.99,24.0,3.25
817182,Willie Smith's,Organic Apple Cider Cans 355mL,20.0,6.0,3.33
293869,Napoleone & Co,Pear Cider Cans 355mL,19.5,7.2,2.71
293869,Napoleone & Co,Pear Cider Cans 355mL,75.99,28.8,2.64
297151,Amplys,Hard Apple Cider 6.9% Can 375mL,17.49,8.16,2.14
297151,Amplys,Hard Apple Cider 6.9% Can 375mL,50.0,48.96,1.02
117891,Mercury,Hard Passionfruit Cider Cans 375mL,74.0,57.6,1.28
117891,Mercury,Hard Passionfruit Cider Cans 375mL,25.99,14.4,1.8
654786,Pure Blonde,Crisp Apple Cider Cans 375mL,30.95,12.0,2.58
654786,Pure Blonde,Crisp Apple Cider Cans 375mL,92.85,36.0,2.58
962365,Pure Blonde,Crisp Apple Cider Bottle  330mL,21.0,6.6,3.18
962365,Pure Blonde,Crisp Apple Cider Bottle  330mL,73.99,26.4,2.8
156822,Amplys,6.9% Hard Apple Cider Cans 10x375mL,22.0,20.0,1.1
156822,Amplys,6.9% Hard Apple Cider Cans 10x375mL,69.99,60.0,1.17
464700,Little Fat Lamb,Mixed 10 Pack Cans 375mL,32.99,24.0,1.37
907493,Strongbow,Original Apple Cider Bottles 355mL,16.95,8.4,2.02
907493,Strongbow,Original Apple Cider Bottles 355mL,51.95,33.6,1.55
629635,Kopparberg,Hard Pear Cider 7% Cans 440mL,18.0,14.4,1.25
629635,Kopparberg,Hard Pear Cider 7% Cans 440mL,69.99,57.6,1.22
107944,Kopparberg,Rosé Cider Bottles 330mL,18.0,13.2,1.36
107944,Kopparberg,Rosé Cider Bottles 330mL,64.99,52.8,1.23
51528,Mercury,Hard Cider Crushed Raspberry 375mL,25.95,14.4,1.8
51528,Mercury,Hard Cider Crushed Raspberry 375mL,74.0,57.6,1.28
771596,The Hills Cider Company,Apple Cider 330mL,21.59,7.8,2.77
771596,The Hills Cider Company,Apple Cider 330mL,72.99,31.2,2.34
62455,Little Fat Lamb,Guava Can 10 Pack 375mL,26.0,24.0,1.08
62455,Little Fat Lamb,Guava Can 10 Pack 375mL,83.99,72.0,1.17
661797,Rekorderlig,Premium Strawberry & Lime Low Sugar 330mL,20.0,4.0,5.0
661797,Rekorderlig,Premium Strawberry & Lime Low Sugar 330mL,100.99,24.0,4.21
693680,Alpine Cider,Pink Lady Dry Bottles 330mL,23.99,6.0,4.0
693680,Alpine Cider,Pink Lady Dry Bottles 330mL,102.99,36.0,2.86
798600,James Squire,Orchard Crush Apple Cider Bottles 345mL,21.99,7.8,2.82
798600,James Squire,Orchard Crush Apple Cider Bottles 345mL,82.99,31.2,2.66
626481,James Squire,Orchard Crush Apple Cider Cans 330mL 10 Pack,88.99,33.0,2.7
626481,James Squire,Orchard Crush Apple Cider Cans 330mL 10 Pack,35.99,11.0,3.27
911757,Mercury,Hard Cider 10 percent Cans 250mL,15.0,8.0,1.88
911757,Mercury,Hard Cider 10 percent Cans 250mL,93.99,48.0,1.96
464651,Strongbow,Lower Carb Apple Cider Cans 10 pack 375mL,21.95,1.5,14.63
464651,Strongbow,Lower Carb Apple Cider Cans 10 pack 375mL,65.85,4.5,14.63
338700,Strongbow,Lower Carb Cider Bottles 355mL,16.95,8.4,2.02
338700,Strongbow,Lower Carb Cider Bottles 355mL,51.95,33.6,1.55
964469,Rekorderlig,Premium Strawberry & Lime Cider 330mL,20.0,4.0,5.0
964469,Rekorderlig,Premium Strawberry & Lime Cider 330mL,100.99,24.0,4.21
366104,Westons Cider,Old Rosie Cloudy Cider 2L,20.99,10.8,1.94
366104,Westons Cider,Old Rosie Cloudy Cider 2L,58.99,32.4,1.82
480479,Three Oaks Cider Co.,Crushed Apple Cider Cans 10 Pack 375mL,25.0,15.0,1.67
480479,Three Oaks Cider Co.,Crushed Apple Cider Cans 10 Pack 375mL,82.99,45.0,1.84
6004783,Strongbow,Hard Cider Zesty Lemon Cans 375mL,19.49,9.6,2.03
6004783,Strongbow,Hard Cider Zesty Lemon Cans 375mL,57.99,38.4,1.51
867458,Golden Axe,Crisp Apple Cider Cans 375mL,22.49,9.24,2.43
867458,Golden Axe,Crisp Apple Cider Cans 375mL,70.99,36.96,1.92
771597,The Hills Cider Company,Pear Cider Bottles 330mL,21.99,7.8,2.82
771597,The Hills Cider Company,Pear Cider Bottles 330mL,72.99,31.2,2.34
486439,Big Things,Shandy Cans 375mL,8.0,4.8,1.67
486439,Big Things,Shandy Cans 375mL,46.99,19.2,2.45
6028995,Kopparberg,Fruitz Hard Lemon 8.3% 375mL,17.99,10.0,1.8
6028995,Kopparberg,Fruitz Hard Lemon 8.3% 375mL,89.0,60.0,1.48
65506,Strongbow,Hard Cider with Dark Fruit Cans 375mL,19.99,9.6,2.08
65506,Strongbow,Hard Cider with Dark Fruit Cans 375mL,58.99,38.4,1.54
471008,Thatchers,Gold Apple Cider Can 375mL,18.99,5.6,3.39
471008,Thatchers,Gold Apple Cider Can 375mL,77.99,33.6,2.32
120842,Kopparberg,Hard Apple Cider 10 Pack Cans 330mL,26.99,18.0,1.5
120842,Kopparberg,Hard Apple Cider 10 Pack Cans 330mL,48.99,36.0,1.36
370298,Rekorderlig,Premium Wild Berries Cider Bottles 500mL,9.99,1.6,6.24
370298,Rekorderlig,Premium Wild Berries Cider Bottles 500mL,96.99,24.0,4.04
768384,Somersby,Pear Cider Bottles 330mL,18.95,7.2,2.63
768384,Somersby,Pear Cider Bottles 330mL,59.95,28.8,2.08
911687,Better Cider,Super Crisp Apple Cider Cans 355mL,21.99,6.6,3.33
911687,Better Cider,Super Crisp Apple Cider Cans 355mL,56.0,26.4,2.12
655127,Little Fat Lamb,Brewed Strawberry & Lime Cans 10 Pack 375mL,26.0,24.0,1.08
655127,Little Fat Lamb,Brewed Strawberry & Lime Cans 10 Pack 375mL,79.99,72.0,1.11
365443,Rekorderlig,Premium Strawberry & Lime Cider 500mL,9.99,1.6,6.24
365443,Rekorderlig,Premium Strawberry & Lime Cider 500mL,96.99,24.0,4.04
708460,Kopparberg,Strawberry & Lime Cider Cans 330mL,26.99,6.0,4.5
708460,Kopparberg,Strawberry & Lime Cider Cans 330mL,87.99,24.0,3.67
465190,Desperados,Original Bottles 330mL,27.99,9.0,3.11
465190,Desperados,Original Bottles 330mL,91.99,36.0,2.56
337838,Bulmers,Original Cider Bottles 330mL,18.99,19.2,0.99
337838,Bulmers,Original Cider Bottles 330mL,74.99,115.2,0.65
910428,Strongbow,Hard Apple Cider Cans 375mL,19.49,9.6,2.03
910428,Strongbow,Hard Apple Cider Cans 375mL,57.99,38.4,1.51
6026104,Scape Goat,Low Sugar Apple Cider Cans 330mL,15.99,7.2,2.22
6026104,Scape Goat,Low Sugar Apple Cider Cans 330mL,49.99,28.8,1.74
6026364,Scape Goat,Low Sugar Apple Cider Cans 10x330mL,20.99,12.0,1.75
6026364,Scape Goat,Low Sugar Apple Cider Cans 10x330mL,59.99,36.0,1.67
482974,Mercury,Hard Cider 10 Pack Cans 375mL,30.95,20.0,1.55
482974,Mercury,Hard Cider 10 Pack Cans 375mL,88.99,60.0,1.48
464783,Little Fat Lamb,Fruity Tango Can 375mL,15.99,9.6,1.67
464783,Little Fat Lamb,Fruity Tango Can 375mL,77.99,57.6,1.35
342214,Henry Westons,Special Vintage Reserve Apple Cider Bottle 500mL,72.99,38.4,1.9
342214,Henry Westons,Special Vintage Reserve Apple Cider Bottle 500mL,7.49,3.2,2.34
315129,Magners,Irish Cider Cans 330mL,20.0,7.2,2.78
315129,Magners,Irish Cider Cans 330mL,71.99,28.8,2.5
657440,Three Oaks,Crushed Apple Cider 8% Cans 10x375mL,33.49,24.0,1.4
657440,Three Oaks,Crushed Apple Cider 8% Cans 10x375mL,90.99,72.0,1.26
534166,Young Henrys,Cloudy Cider Cans 375mL,23.99,8.4,2.86
534166,Young Henrys,Cloudy Cider Cans 375mL,72.0,33.6,2.14
708592,Westons,Stowford Press Medium Dry Cans 500mL,15.49,7.2,2.15
708592,Westons,Stowford Press Medium Dry Cans 500mL,72.99,43.2,1.69
6027234,Strongbow,Hard Cider with Wild Berries Can 375mL,19.49,9.6,2.03
6027234,Strongbow,Hard Cider with Wild Berries Can 375mL,57.99,38.4,1.51
480121,Rekorderlig,Wild Berries Cider 330mL,20.0,4.0,5.0
480121,Rekorderlig,Wild Berries Cider 330mL,100.99,24.0,4.21
187370,Kopparberg,Hard Pear Cider Cans 330mL,26.99,18.0,1.5
187370,Kopparberg,Hard Pear Cider Cans 330mL,48.99,36.0,1.36
860345,Strongbow,Original Apple Cider Cans 375mL,21.95,15.0,1.46
860345,Strongbow,Original Apple Cider Cans 375mL,65.85,45.0,1.46
910439,CBCo Brewing,Bertie Zesty Lemon Cider Cans 375mL,17.5,4.8,3.65
910439,CBCo Brewing,Bertie Zesty Lemon Cider Cans 375mL,55.5,19.2,2.89
655190,Little Fat Lamb,Brewed Tropical Cans 10 Pack 375mL,26.0,24.0,1.08
655190,Little Fat Lamb,Brewed Tropical Cans 10 Pack 375mL,83.99,72.0,1.17
825296,Mercury,Hard Cider Original 6.9% Cans 375mL,18.95,11.4,1.66
825296,Mercury,Hard Cider Original 6.9% Cans 375mL,67.95,45.6,1.49
629636,Kopparberg,Hard Apple Cider 7% Cans 440mL,18.0,14.4,1.25
629636,Kopparberg,Hard Apple Cider 7% Cans 440mL,69.99,57.6,1.22
117986,Little Fat Lamb,Strawberry & Lime 375mL,77.99,57.6,1.35
117986,Little Fat Lamb,Strawberry & Lime 375mL,15.99,9.6,1.67
87771,Kopparberg,Apple & Passionfruit Cider 500mL,3.0,1.6,1.88
87771,Kopparberg,Apple & Passionfruit Cider 500mL,84.99,24.0,3.54
768443,Somersby,Apple Cider Bottles 330mL,18.95,7.2,2.63
768443,Somersby,Apple Cider Bottles 330mL,59.95,28.8,2.08
67602,The Hills Cider Company,Tropical Sour Cider Can 375mL,74.25,57.6,1.29
67602,The Hills Cider Company,Tropical Sour Cider Can 375mL,15.15,9.6,1.58
819685,Scape Goat,Premium Crisp Apple Cider Bottles 330mL,19.99,7.2,2.78
819685,Scape Goat,Premium Crisp Apple Cider Bottles 330mL,54.99,28.8,1.91
118717,Little Fat Lamb,Guava Cans 375mL,15.99,9.6,1.67
118717,Little Fat Lamb,Guava Cans 375mL,77.99,57.6,1.35
906786,Magners,Original Cider Bottles 568mL,8.49,2.02,4.2
906786,Magners,Original Cider Bottles 568mL,71.99,24.24,2.97
47387,Mercury,Draught Cider Bottles 375mL,22.99,9.0,2.55
47387,Mercury,Draught Cider Bottles 375mL,66.99,36.0,1.86
371164,Kopparberg,Strawberry and Lime Cider Bottles 500mL,7.99,1.6,4.99
371164,Kopparberg,Strawberry and Lime Cider Bottles 500mL,84.99,24.0,3.54
911791,Little Fat Lamb,Creaming Soda 8% Cans 375mL,15.99,9.6,1.67
911791,Little Fat Lamb,Creaming Soda 8% Cans 375mL,70.99,57.6,1.23
