pid,brand,product,price,standard drinks,standard drinks estimate,price per sd
850672,Jack Daniel's,Tennessee Whiskey & Cola Bottle 330mL,25.95,5.2,5.21,4.99
850672,Jack Daniel's,Tennessee Whiskey & Cola Bottle 330mL,118.99,31.2,31.26,3.81
466239,Squealing Pig,Tropical Sauvignon Blanc Spritzer Cans 250mL,19.99,3.6,3.55,5.55
466239,Squealing Pig,Tropical Sauvignon Blanc Spritzer Cans 250mL,89.99,21.6,21.32,4.17
6017260,Gravity Seltzer Co.,Lemoncello Hard Soda Cans 330mL,25.49,5.2,5.21,4.9
6017260,Gravity Seltzer Co.,Lemoncello Hard Soda Cans 330mL,83.99,20.8,20.84,4.04
53295,Curatif,Archie Rose Espresso Martini 120mL,45.0,6.0,6.21,7.5
53295,Curatif,Archie Rose Espresso Martini 120mL,279.99,36.0,37.29,7.78
906512,Jack Daniel's,Tennessee Whiskey & Lemonade Cans 375mL,20.3,6.0,5.68,3.38
906512,Jack Daniel's,Tennessee Whiskey & Lemonade Cans 375mL,94.25,36.0,34.1,2.62
6003835,Four Pillars,Gin Punch Cans 330mL,27.99,4.8,5.0,5.83
6003835,Four Pillars,Gin Punch Cans 330mL,139.99,28.8,30.01,4.86
311718,Hard Rated,Cans 375mL,22.95,5.2,5.33,4.41
311718,Hard Rated,Cans 375mL,114.95,31.2,31.97,3.68
171431,Smirnoff,Seltzer Mix Pack 12x250mL,57.0,1.1,0.99,51.82
171431,Smirnoff,Seltzer Mix Pack 12x250mL,185.99,3.3,2.96,56.36
310833,Kirin,Hyoketsu Lemon 10 Pack Cans 330mL,45.95,16.0,15.63,2.87
310833,Kirin,Hyoketsu Lemon 10 Pack Cans 330mL,137.85,48.0,46.89,2.87
165421,Rainbird,Mixed 12 Pack Seltzer 6% Cans 330mL,63.99,19.2,18.76,3.33
165421,Rainbird,Mixed 12 Pack Seltzer 6% Cans 330mL,134.99,38.4,37.51,3.52
6003789,Smirnoff,Crush Raspberry & Lemon 6% Cans 440mL,32.99,8.4,8.34,3.93
6003789,Smirnoff,Crush Raspberry & Lemon 6% Cans 440mL,179.99,50.4,50.02,3.57
6005398,Pals,Vodka Pineapple Lime and Soda Can 330mL,25.49,4.8,4.69,5.31
6005398,Pals,Vodka Pineapple Lime and Soda Can 330mL,57.0,14.4,14.07,3.96
6030690,Tread Softly,Pinot Grigio White Peach Spritzer 330mL,25.99,3.6,3.65,7.22
6030690,Tread Softly,Pinot Grigio White Peach Spritzer 330mL,114.99,21.6,21.88,5.32
752871,Jim Beam,White Label Bourbon & Cola 500mL,9.99,1.9,1.89,5.26
752871,Jim Beam,White Label Bourbon & Cola 500mL,90.99,22.8,22.74,3.99
6025897,Espolon,Lime and Soda Cans 330mL,24.95,4.0,4.69,6.24
6025897,Espolon,Lime and Soda Cans 330mL,130.99,24.0,28.14,5.46
757069,West Coast,Original 250mL,15.0,2.8,66.31,5.36
757069,West Coast,Original 250mL,85.99,16.8,397.88,5.12
901306,Midori,Illusion 275mL,22.95,4.0,3.91,5.74
901306,Midori,Illusion 275mL,119.99,24.0,23.45,5.0
58610,Bombay Sapphire,Gin & Tonic 275mL,26.0,4.8,4.69,5.42
58610,Bombay Sapphire,Gin & Tonic 275mL,165.99,28.8,28.14,5.76
6047465,Kirin,Hyoketsu Lemon 4% 330mL Can,23.99,4.2,4.17,5.71
6047465,Kirin,Hyoketsu Lemon 4% 330mL Can,107.99,25.2,25.01,4.29
174182,Canadian Club,Soda & Lime Cans 375mL,30.0,8.4,8.53,3.57
174182,Canadian Club,Soda & Lime Cans 375mL,99.95,33.6,34.1,2.97
579096,Jameson,Irish Whiskey Smooth Dry & Lime 6.3% Cans 375mL 10 Pack,56.95,19.0,18.65,3.0
579096,Jameson,Irish Whiskey Smooth Dry & Lime 6.3% Cans 375mL 10 Pack,169.99,57.0,55.95,2.98
902105,Jim Beam,White Label Bourbon & Cola Cans 10 Pack 375mL,45.95,14.0,14.21,3.28
902105,Jim Beam,White Label Bourbon & Cola Cans 10 Pack 375mL,135.99,42.0,42.63,3.24
411233,Old Fat Unicorn,Musk Moscato Spritzer Bottles 300mL,22.0,3.8,3.88,5.79
411233,Old Fat Unicorn,Musk Moscato Spritzer Bottles 300mL,109.99,22.8,23.3,4.82
114350,Local,Spiked Iced Tea Peach 330mL,24.49,96.0,4.17,0.26
114350,Local,Spiked Iced Tea Peach 330mL,125.99,576.0,25.01,0.22
445670,Choya,Sparkling Cans 250mL,19.99,3.2,3.16,6.25
445670,Choya,Sparkling Cans 250mL,89.99,19.2,18.95,4.69
677746,Jim Beam,Black Double Serve Bourbon & Cola 6.9% Cans 375mL,31.95,8.0,8.17,3.99
677746,Jim Beam,Black Double Serve Bourbon & Cola 6.9% Cans 375mL,173.99,48.0,49.02,3.62
750088,Ruski,Lemon Vodka Bottles 275mL,21.99,3.6,3.47,6.11
750088,Ruski,Lemon Vodka Bottles 275mL,110.99,21.6,20.84,5.14
308777,Lost Scott,Whisky & Cola 4.6% Cans 375mL,19.0,5.6,5.45,3.39
308777,Lost Scott,Whisky & Cola 4.6% Cans 375mL,115.99,33.6,32.68,3.45
81669,Good Tides,Hard Seltzer Lemon Lime 4.3% 330mL,19.25,4.4,4.48,4.38
81669,Good Tides,Hard Seltzer Lemon Lime 4.3% 330mL,93.75,26.4,26.89,3.55
179762,Fellr,Passionfruit Brewed Alcoholic seltzer Cans 330mL,15.4,4.0,4.17,3.85
179762,Fellr,Passionfruit Brewed Alcoholic seltzer Cans 330mL,74.25,24.0,25.01,3.09
779961,Woodstock,Bourbon & Cola 6% 660mL,15.99,3.12,3.13,5.12
779961,Woodstock,Bourbon & Cola 6% 660mL,139.99,37.44,37.51,3.74
222734,Canadian Club,Whisky & Cola 4.8% Cans 375mL,30.0,8.4,8.53,3.57
222734,Canadian Club,Whisky & Cola 4.8% Cans 375mL,99.99,33.6,34.1,2.98
758847,Captain Morgan,Original Spiced Gold & Cola 6% Cans 375mL,32.99,7.2,7.11,4.58
758847,Captain Morgan,Original Spiced Gold & Cola 6% Cans 375mL,170.99,43.2,42.63,3.96
172755,Jack Daniel's,American Serve No Sugar Cola 250mL,37.99,8.0,7.89,4.75
172755,Jack Daniel's,American Serve No Sugar Cola 250mL,182.99,48.0,47.37,3.81
6025555,Hard Fizz,Vodka Lemonade Cans 330mL,23.0,4.0,4.17,5.75
6025555,Hard Fizz,Vodka Lemonade Cans 330mL,138.99,24.0,25.01,5.79
220183,Penni Ave Distillery,Lemon Myrtle Vodka With Kakadu Plum & Soda Cans 355mL,24.99,4.8,4932.48,5.21
220183,Penni Ave Distillery,Lemon Myrtle Vodka With Kakadu Plum & Soda Cans 355mL,133.99,28.8,29594.9,4.65
114538,Local,Spiked Iced Tea Lemon 330mL,24.49,96.0,4.17,0.26
114538,Local,Spiked Iced Tea Lemon 330mL,125.99,576.0,25.01,0.22
326527,23rd Street Distillery,Pomegranate and Raspberry Vodka Soda Can 300mL,24.99,4.8,4.74,5.21
326527,23rd Street Distillery,Pomegranate and Raspberry Vodka Soda Can 300mL,127.99,28.8,28.42,4.44
6025822,Bundaberg,Campfire Bourbon Barrel Finished Rum & Zero Sugar Cola Cans 375mL,27.0,7.2,7.11,3.75
6025822,Bundaberg,Campfire Bourbon Barrel Finished Rum & Zero Sugar Cola Cans 375mL,176.99,43.2,42.63,4.1
908746,Wild Turkey,Bourbon and Cola 10 Pack Cans 375mL,49.95,14.2,14.21,3.52
908746,Wild Turkey,Bourbon and Cola 10 Pack Cans 375mL,144.99,42.6,42.63,3.4
910447,Smirnoff,Ice Double Black Raspberry Crush Cans 375mL,30.99,7.6,7.11,4.08
910447,Smirnoff,Ice Double Black Raspberry Crush Cans 375mL,162.99,45.6,42.63,3.57
120076,White Claw,Hard Seltzer Natural Lime 330mL,19.95,5.2,4.69,3.84
120076,White Claw,Hard Seltzer Natural Lime 330mL,119.7,31.2,28.14,3.84
6025559,El Jimador,Tequila Spritz Orange Can 330mL,25.0,5.2,5.0,4.81
6025559,El Jimador,Tequila Spritz Orange Can 330mL,128.99,31.2,30.01,4.13
172366,Suntory,-196 Double Lemon Cans 10x330mL,43.0,16.0,15.63,2.69
172366,Suntory,-196 Double Lemon Cans 10x330mL,134.85,48.0,46.89,2.81
762765,Gordon's,Pink Gin & Soda Bottles 330mL,23.0,4.0,4.17,5.75
762765,Gordon's,Pink Gin & Soda Bottles 330mL,144.99,24.0,25.01,6.04
902671,Woodstock,Bourbon & Cola 660mL,12.99,2.5,2.5,5.2
312083,Ampersand,Vodka & Espresso Martini 7% Cans 200mL,25.0,4.4,4.42,5.68
312083,Ampersand,Vodka & Espresso Martini 7% Cans 200mL,133.99,26.4,26.53,5.08
6025839,Ampersand,Vodka & Raspberry Lemonade Cans 330mL,28.99,6.4,150.06,4.53
6025839,Ampersand,Vodka & Raspberry Lemonade Cans 330mL,135.99,38.4,900.35,3.54
198364,Nelson County,County Bourbon & Zero Cola Can 375ml,31.99,10.8,10.66,2.96
198364,Nelson County,County Bourbon & Zero Cola Can 375ml,114.99,43.2,42.63,2.66
6025601,Fellr,Alcoholic Soda Pink Lemonade Cans 330mL,20.0,4.0,4.17,5.0
6025601,Fellr,Alcoholic Soda Pink Lemonade Cans 330mL,102.99,24.0,25.01,4.29
626975,Jim Beam,White Double Serve Bourbon & Cola Cans 375mL,31.95,12.0,11.9,2.66
626975,Jim Beam,White Double Serve Bourbon & Cola Cans 375mL,127.8,48.0,47.6,2.66
812182,Kahlúa,Espresso Martini 200mL,31.99,4.4,4.42,7.27
812182,Kahlúa,Espresso Martini 200mL,164.99,26.4,26.53,6.25
911083,The Kraken,Double Serve and Cola 8% Cans 320mL,35.99,8.0,8.08,4.5
911083,The Kraken,Double Serve and Cola 8% Cans 320mL,215.99,48.0,48.5,4.5
342492,Woodstock,Bourbon & Cola 6% 10 Pack Cans 375mL,49.0,18.0,17.76,2.72
342492,Woodstock,Bourbon & Cola 6% 10 Pack Cans 375mL,141.99,54.0,53.29,2.63
482368,Billson's,Double Vodka & Strawberry Watermelon Cans 250mL,20.0,4.8,4.74,4.17
482368,Billson's,Double Vodka & Strawberry Watermelon Cans 250mL,129.99,28.8,28.42,4.51
234618,Jim Beam,Double Serve Zero Sugar Cola 375mL,37.0,12.0,11.9,3.08
234618,Jim Beam,Double Serve Zero Sugar Cola 375mL,141.99,48.0,47.6,2.96
910087,Vodka Cruiser,Zero Sugar Mixed 10 Pack Cans 275mL,46.99,12.7,9.99,3.7
910087,Vodka Cruiser,Zero Sugar Mixed 10 Pack Cans 275mL,124.99,38.1,29.96,3.28
313576,Malibu,Watermelon Lemonade Can 250mL,19.99,3.2,3.16,6.25
313576,Malibu,Watermelon Lemonade Can 250mL,95.99,19.2,18.95,5.0
6027058,Bacardi,Spiced Rum and Coca-Cola 330mL Can,19.95,4.8,5.0,4.16
6027058,Bacardi,Spiced Rum and Coca-Cola 330mL Can,119.7,28.8,30.01,4.16
783398,Captain Morgan,Original Spiced Gold & Cola 10 Pack Cans 375mL,54.95,18.0,17.76,3.05
783398,Captain Morgan,Original Spiced Gold & Cola 10 Pack Cans 375mL,164.85,54.0,53.29,3.05
62236,Woodstock,Bourbon and Cola 10% 10 Pack Cans 200mL,57.99,16.0,15.79,3.62
62236,Woodstock,Bourbon and Cola 10% 10 Pack Cans 200mL,132.99,48.0,47.37,2.77
771561,Wild Turkey,Rare Bourbon and Cola Bottles 320mL,35.95,8.0,8.08,4.49
771561,Wild Turkey,Rare Bourbon and Cola Bottles 320mL,192.99,48.0,48.5,4.02
726206,Southern Comfort,& Cola Cans 10x375mL,54.99,13.0,13.32,4.23
726206,Southern Comfort,& Cola Cans 10x375mL,145.99,39.0,39.97,3.74
6025474,White Claw,Vodka Passonfruit Mango Cans 330mL,27.99,6.4,6.25,4.37
6025474,White Claw,Vodka Passonfruit Mango Cans 330mL,139.99,38.4,37.51,3.65
910791,Gordon's,Pink and Soda Double Serve Cans 375mL,27.0,8.0,7.11,3.38
910791,Gordon's,Pink and Soda Double Serve Cans 375mL,171.99,48.0,42.63,3.58
6004607,Captain Morgan,Long Island Iced Tea Cans 440mL,32.99,8.4,8.34,3.93
6004607,Captain Morgan,Long Island Iced Tea Cans 440mL,169.99,50.4,50.02,3.37
910080,Vodka Cruiser,Double Vanilla and Cola Cans  375mL,31.99,8.0,8.05,4.0
910080,Vodka Cruiser,Double Vanilla and Cola Cans  375mL,149.99,48.0,48.31,3.12
235563,Good Tides,Seltzer Mixed 10pk Can 330mL,45.95,11.0,11.2,4.18
235563,Good Tides,Seltzer Mixed 10pk Can 330mL,137.85,33.0,33.61,4.18
916424,Jack Daniel's,Tennessee Whiskey & Cola Cans 375mL,46.95,14.0,14.21,3.35
916424,Jack Daniel's,Tennessee Whiskey & Cola Cans 375mL,93.9,28.0,28.42,3.35
311230,Vodka Cruiser,Sour Grape Bottles 275mL,22.99,4.0,3.99,5.75
311230,Vodka Cruiser,Sour Grape Bottles 275mL,89.0,24.0,23.97,3.71
494616,Tread Softly,Rosé Summer Berries Spritzer Bottles 330mL,25.99,3.6,3.65,7.22
494616,Tread Softly,Rosé Summer Berries Spritzer Bottles 330mL,114.99,21.6,21.88,5.32
171578,Curatif,Tommy's Margarita Cans 130mL,45.0,7.6,7.59,5.92
171578,Curatif,Tommy's Margarita Cans 130mL,279.99,45.6,45.57,6.14
6006085,Hard Rated,Zero Sugar Lemon Lime 10pk Cans 375mL,44.95,13.0,13.32,3.46
6006085,Hard Rated,Zero Sugar Lemon Lime 10pk Cans 375mL,134.85,39.0,39.97,3.46
509606,Canadian Club,Premium Strength Whisky & Dry 6% Cans 375mL,37.99,10.8,10.66,3.52
509606,Canadian Club,Premium Strength Whisky & Dry 6% Cans 375mL,128.0,43.2,42.63,2.96
466285,Kirin,Hyoketsu Peach 330mL Can,26.99,6.4,6.25,4.22
466285,Kirin,Hyoketsu Peach 330mL Can,121.99,38.4,37.51,3.18
6025496,White Claw,Vodka Smash Strawberry Guava Cans 330mL,27.99,6.4,6.25,4.37
6025496,White Claw,Vodka Smash Strawberry Guava Cans 330mL,139.99,38.4,37.51,3.65
310883,Ampersand,Whisky & Soda Lime Extra Strength Cans 330mL,19.95,6.4,6.25,3.12
310883,Ampersand,Whisky & Soda Lime Extra Strength Cans 330mL,77.25,25.6,25.01,3.02
6029137,Archie Rose,Australian Gin & Blackberry Soda Cans 330mL,18.0,4.0,100.04,4.5
6029137,Archie Rose,Australian Gin & Blackberry Soda Cans 330mL,100.99,24.0,600.23,4.21
6029135,Archie Rose,Australian Gin & Peach Soda Cans 330mL,18.0,4.0,4.17,4.5
6029135,Archie Rose,Australian Gin & Peach Soda Cans 330mL,100.99,24.0,25.01,4.21
6025570,Jose Cuervo,Limonada Cuervo & Lemon Soda Cans 330mL,26.99,5.2,5.21,5.19
6025570,Jose Cuervo,Limonada Cuervo & Lemon Soda Cans 330mL,145.99,31.2,31.26,4.68
6005402,Sour Puss,Alcoholic Sour Apple Cans 330mL,18.99,8.4,8.34,2.26
6005402,Sour Puss,Alcoholic Sour Apple Cans 330mL,89.99,50.4,50.02,1.79
6025837,Johnnie Walker,Black Ruby Soda Can 375mL,33.99,7.2,7.11,4.72
6025837,Johnnie Walker,Black Ruby Soda Can 375mL,172.99,43.2,42.63,4.0
6025479,Malibu,Cocktails Pineapple Cans 250mL,19.99,3.2,3.16,6.25
6025479,Malibu,Cocktails Pineapple Cans 250mL,95.99,19.2,18.95,5.0
506716,Jameson,Triple Distilled Irish Whiskey & Cola 6.3% Cans 375mL,24.95,7.6,7.46,3.28
506716,Jameson,Triple Distilled Irish Whiskey & Cola 6.3% Cans 375mL,149.7,45.6,44.76,3.28
172518,Suntory,-196 Double Lemon Cans 330mL,19.95,6.4,6.25,3.12
172518,Suntory,-196 Double Lemon Cans 330mL,115.95,38.4,37.51,3.02
134406,Rainbird,Seltzer Passionfruit 6% Cans 330mL,23.0,6.4,6.25,3.59
134406,Rainbird,Seltzer Passionfruit 6% Cans 330mL,129.99,38.4,37.51,3.39
352786,Nelson County,Bourbon & Cola Cans 375mL,25.0,8.4,8.17,2.98
352786,Nelson County,Bourbon & Cola Cans 375mL,89.99,33.6,32.68,2.68
798168,Vodka Cruiser,Juicy Watermelon Bottles 275mL,22.99,4.0,3.99,5.75
798168,Vodka Cruiser,Juicy Watermelon Bottles 275mL,88.95,24.0,23.97,3.71
235448,Canadian Club,Soda & Lime 10 Pack Cans 375mL,45.95,14.0,14.21,3.28
235448,Canadian Club,Soda & Lime 10 Pack Cans 375mL,134.85,42.0,42.63,3.21
902511,Vodka Cruiser,Mudshake Chocolate 270mL,22.99,3.6,3.41,6.39
902511,Vodka Cruiser,Mudshake Chocolate 270mL,88.95,21.6,20.46,4.12
313569,Ned Australian Whisky,& Cola 12% Cans 200mL,30.49,7.6,7.58,4.01
313569,Ned Australian Whisky,& Cola 12% Cans 200mL,169.99,45.6,45.47,3.73
470928,Suntory,-196 Double Peach Cans 10x330mL,43.0,16.0,15.63,2.69
470928,Suntory,-196 Double Peach Cans 10x330mL,137.85,48.0,46.89,2.87
180085,White Claw,Hard Seltzer Variety Cans 10x330mL,44.95,13.0,11.72,3.46
180085,White Claw,Hard Seltzer Variety Cans 10x330mL,89.9,26.0,23.45,3.46
151693,Brookie's,Native Plum Gin Spritz with Strawberry & Mint Bottles 275mL,20.3,4.0,4.17,5.08
151693,Brookie's,Native Plum Gin Spritz with Strawberry & Mint Bottles 275mL,110.8,24.0,25.01,4.62
6025537,El Jimador,Tequila Spritz Lime Can 330mL,25.0,5.2,5.0,4.81
6025537,El Jimador,Tequila Spritz Lime Can 330mL,128.99,31.2,30.01,4.13
109780,Papa Salt,Paloma Cans 250mL,20.0,4.0,3.95,5.0
109780,Papa Salt,Paloma Cans 250mL,154.99,24.0,23.68,6.46
102333,Great Ocean Road,Gin & Tonic can 250mL,26.99,4.8,4.89,5.62
102333,Great Ocean Road,Gin & Tonic can 250mL,139.99,28.8,29.37,4.86
6025886,Archie Rose,Australian Vodka & Soda With Raspberry & Yuzu Cans 330mL,18.0,4.0,4.17,4.5
6025886,Archie Rose,Australian Vodka & Soda With Raspberry & Yuzu Cans 330mL,100.99,24.0,25.01,4.21
348811,Bundaberg,Rum & Zero Sugar Cola Cans 375mL,31.95,50.4,2.49,0.63
348811,Bundaberg,Rum & Zero Sugar Cola Cans 375mL,102.95,201.6,9.95,0.51
759371,Woodstock,Bourbon and Cola 10% Cans 200mL,26.0,6.4,6.32,4.06
759371,Woodstock,Bourbon and Cola 10% Cans 200mL,133.99,38.4,37.89,3.49
309818,Kirin,Hyoketsu Lemon Cans 330mL,24.95,6.4,6.25,3.9
309818,Kirin,Hyoketsu Lemon Cans 330mL,121.99,38.4,37.51,3.18
6027078,Suntory,Lemon 4.5% Cans 330ml,19.0,4.8,4.69,3.96
6027078,Suntory,Lemon 4.5% Cans 330ml,114.99,28.8,28.14,3.99
89314,Manly Spirits,Pink Gin & Tonic Bottles 275mL,27.49,3.6,3473.58,7.64
89314,Manly Spirits,Pink Gin & Tonic Bottles 275mL,136.99,21.6,20841.48,6.34
910443,Kirin,Variety Pack Cans 10X330mL,45.95,160.0,156.31,0.29
910443,Kirin,Variety Pack Cans 10X330mL,137.85,480.0,468.93,0.29
104558,Wild Turkey,Bourbon and Cola Cans 375mL,21.95,5.68,5.68,3.86
104558,Wild Turkey,Bourbon and Cola Cans 375mL,131.7,34.08,34.1,3.86
6003859,Bilsons,Vodka Passionfruit Pineapple & Orange Cans 355mL,16.8,4.0,3.92,4.2
6003859,Bilsons,Vodka Passionfruit Pineapple & Orange Cans 355mL,97.5,24.0,23.54,4.06
907574,Johnnie Walker,Red Label & Cola 10 Pack Cans 375mL,49.0,14.0,13.62,3.5
907574,Johnnie Walker,Red Label & Cola 10 Pack Cans 375mL,147.99,42.0,40.85,3.52
6025493,Four Pillars,Gin Smash Cans 330mL,27.99,5.2,5.0,5.38
6025493,Four Pillars,Gin Smash Cans 330mL,139.99,31.2,30.01,4.49
6003836,Smirnoff,Crush Zero Sugar Mango Peach Cans 440mL,32.99,8.4,8.34,3.93
6003836,Smirnoff,Crush Zero Sugar Mango Peach Cans 440mL,179.99,50.4,50.02,3.57
6027085,Canadian Club,Lemon Crush Whisky 4.8% Cans 375mL,30.0,8.4,85.26,3.57
6027085,Canadian Club,Lemon Crush Whisky 4.8% Cans 375mL,99.99,33.6,341.04,2.98
6003854,Bundaberg,Campfire Extra Bourbon Barrel Finished Rum 8% Cans 375mL,35.99,9.6,9.47,3.75
6003854,Bundaberg,Campfire Extra Bourbon Barrel Finished Rum 8% Cans 375mL,198.99,57.6,56.84,3.45
111131,Hard Rated,Lemon Mango Zero Sugar 4.5% Cans 375mL,22.95,5.2,5.33,4.41
111131,Hard Rated,Lemon Mango Zero Sugar 4.5% Cans 375mL,117.9,31.2,31.97,3.78
111335,Canadian Club,Whisky & Dry 330mL,26.99,124.8,120.05,0.22
111335,Canadian Club,Whisky & Dry 330mL,119.99,748.8,720.28,0.16
173955,UDL,Vodka & Lemon Lime Soda Cans 375mL,24.99,4.8,4.74,5.21
173955,UDL,Vodka & Lemon Lime Soda Cans 375mL,128.99,28.8,28.42,4.48
332506,The Kraken,Spiced Rum & Dry Cans 330mL,25.0,5.6,5.73,4.46
332506,The Kraken,Spiced Rum & Dry Cans 330mL,155.99,33.6,34.39,4.64
311478,Aperol,Spritz Bottles 200mL,27.99,5.6,5.68,5.0
311478,Aperol,Spritz Bottles 200mL,133.99,33.6,34.1,3.99
910060,Vodka Cruiser,Zero Sugar Mango and Raspberry 4.6% Cans 275mL,22.99,4.0,3.99,5.75
910060,Vodka Cruiser,Zero Sugar Mango and Raspberry 4.6% Cans 275mL,89.0,24.0,23.97,3.71
21234,Jim Beam,White Double Serve Bourbon & Cola 6.7% Cans 10 pack 375mL,55.95,20.0,19.83,2.8
21234,Jim Beam,White Double Serve Bourbon & Cola 6.7% Cans 10 pack 375mL,167.85,60.0,59.5,2.8
235442,Four Pillars,Fresh Yuzu Gin & Soda 250mL,28.99,4.0,4.03,7.25
235442,Four Pillars,Fresh Yuzu Gin & Soda 250mL,139.99,24.0,24.16,5.83
699585,Canadian Club,Whisky & Zero Sugar Dry 4.8% Cans 375mL,29.95,8.4,85.26,3.57
699585,Canadian Club,Whisky & Zero Sugar Dry 4.8% Cans 375mL,98.0,33.6,341.04,2.92
109921,Bundaberg,Rum & Zero Sugar Cola Cans 10x375mL,47.95,14.0,14.8,3.43
109921,Bundaberg,Rum & Zero Sugar Cola Cans 10x375mL,143.85,42.0,44.41,3.42
742166,Vodka Cruiser,Zesty Lemon Lime Bottles 275mL,22.99,4.0,3.99,5.75
742166,Vodka Cruiser,Zesty Lemon Lime Bottles 275mL,89.0,24.0,23.97,3.71
6025531,White Claw,Vodka Smash Variety 10x330mL,54.0,160.0,156.31,0.34
6025531,White Claw,Vodka Smash Variety 10x330mL,154.99,480.0,468.93,0.32
132855,Fellr,Seltzer Watermelon 330mL,20.0,4.0,4.17,5.0
132855,Fellr,Seltzer Watermelon 330mL,102.99,24.0,25.01,4.29
910073,Vodka Cruiser,Zero Sugar Pineapple 4.6% Cans 275mL,16.1,4.0,3.99,4.03
910073,Vodka Cruiser,Zero Sugar Pineapple 4.6% Cans 275mL,75.0,24.0,23.97,3.12
309490,Ampersand,Vodka Soda & Black Original 6% Cans 330mL,28.99,6.4,6.25,4.53
309490,Ampersand,Vodka Soda & Black Original 6% Cans 330mL,135.99,38.4,37.51,3.54
910082,Hard Rated,Zero Sugar Lemon Lime Cans 375mL,22.95,5.2,5.33,4.41
910082,Hard Rated,Zero Sugar Lemon Lime Cans 375mL,117.9,31.2,31.97,3.78
313132,Brookvale Union,Vodka Red Pub Soda Cans 330mL,27.95,6.0,6.25,4.66
313132,Brookvale Union,Vodka Red Pub Soda Cans 330mL,102.95,24.0,25.01,4.29
917386,Bundaberg,Red Rum and Cola Cans 375mL,31.95,8.4,8170.81,3.8
917386,Bundaberg,Red Rum and Cola Cans 375mL,98.95,33.6,32683.23,2.94
62916,Canadian Club,Whisky & Zero Sugar Dry 4.8% 10 Pack Cans 375mL,45.95,14.0,142.1,3.28
62916,Canadian Club,Whisky & Zero Sugar Dry 4.8% 10 Pack Cans 375mL,135.99,42.0,426.3,3.24
509604,Canadian Club,Premium Strength Whisky & Dry 6% 10 Pack Cans 375mL,55.95,18.0,17.76,3.11
509604,Canadian Club,Premium Strength Whisky & Dry 6% 10 Pack Cans 375mL,167.85,54.0,53.29,3.11
716873,Wild Turkey,101 Bourbon & Cola Cans 10 Pack 375mL,65.0,19.0,19.24,3.42
716873,Wild Turkey,101 Bourbon & Cola Cans 10 Pack 375mL,192.99,57.0,57.73,3.39
500128,Nelson County,6% Bourbon & Cola Cans 375mL,47.0,16.0,17.76,2.94
500128,Nelson County,6% Bourbon & Cola Cans 375mL,124.99,48.0,53.29,2.6
313244,Hard Rated,10pk Cans 375mL,44.95,13.0,13.32,3.46
313244,Hard Rated,10pk Cans 375mL,119.95,39.0,39.97,3.08
173953,UDL,Vodka & Passionfruit Cans 375mL,24.99,4.8,4.74,5.21
173953,UDL,Vodka & Passionfruit Cans 375mL,128.99,28.8,28.42,4.48
161128,Voso,Vodka Soda 375mL,21.49,4.8,4.97,4.48
161128,Voso,Vodka Soda 375mL,102.99,28.8,29.84,3.58
94952,Rainbird,Lemon & Lime Seltzer 6% Cans 330mL,23.0,6.4,6.25,3.59
94952,Rainbird,Lemon & Lime Seltzer 6% Cans 330mL,129.99,38.4,37.51,3.39
234610,Four Pillars,Bloody Shiraz Gin & Tonic 250mL,28.99,4.0,4.03,7.25
234610,Four Pillars,Bloody Shiraz Gin & Tonic 250mL,139.99,24.0,24.16,5.83
278428,Vodka Cruiser,Double Raspberry 6.8% Can 375mL,28.95,8.0,8.05,3.62
278428,Vodka Cruiser,Double Raspberry 6.8% Can 375mL,149.99,48.0,48.31,3.12
716214,Canadian Club,Whisky & Dry 4.8% Cans 10 Pack 375mL,45.95,14.0,14.21,3.28
716214,Canadian Club,Whisky & Dry 4.8% Cans 10 Pack 375mL,135.99,42.0,42.63,3.24
313577,Brookvale Union,Mixed 10 Pack Cans 330mL,54.99,10.0,10.42,5.5
313577,Brookvale Union,Mixed 10 Pack Cans 330mL,139.99,30.0,31.26,4.67
296474,Malocchio,Finger Lime Hard Seltzer Can 250mL,20.99,4.0,3.95,5.25
296474,Malocchio,Finger Lime Hard Seltzer Can 250mL,104.99,24.0,23.68,4.37
6027062,Suntory,-196 Double Lemon 4.5% Cans 10x330mL,43.99,12.0,11.72,3.67
6027062,Suntory,-196 Double Lemon 4.5% Cans 10x330mL,129.99,36.0,35.17,3.61
280542,Mexink,Jalapeno Spicy Margarita Cans 250mL,49.99,10.4,10.26,4.81
280542,Mexink,Jalapeno Spicy Margarita Cans 250mL,184.99,41.6,41.05,4.45
509738,Jack Daniel's,Gentleman Jack Tennessee Whiskey & Cola 6% 375mL,34.99,7.2,7.11,4.86
509738,Jack Daniel's,Gentleman Jack Tennessee Whiskey & Cola 6% 375mL,159.99,43.2,42.63,3.7
6003860,Kirin,Hyoketsu Green Apple Can 330mL,26.99,6.4,6.25,4.22
6003860,Kirin,Hyoketsu Green Apple Can 330mL,121.99,38.4,37.51,3.18
911756,Smirnoff,Crush Lemon Lime Cans 440mL,32.99,8.4,8.34,3.93
911756,Smirnoff,Crush Lemon Lime Cans 440mL,179.99,50.4,50.02,3.57
80103,Nelson County,12% Bourbon & Cola Cans 200mL,28.99,7.6,7.58,3.81
80103,Nelson County,12% Bourbon & Cola Cans 200mL,144.99,45.6,45.47,3.18
6008079,Tempus One,Peach Prosecco Spritz Cans 330mL,23.99,4.0,4.17,6.0
6008079,Tempus One,Peach Prosecco Spritz Cans 330mL,109.99,24.0,25.01,4.58
742237,Smirnoff,Ice Red Vodka Bottles 300mL,26.99,4.4,4.26,6.13
742237,Smirnoff,Ice Red Vodka Bottles 300mL,144.99,26.4,25.58,5.49
134405,Nelson County,4.6% Bourbon & Zero Sugar Cola Cans 10 Pack 375mL,43.99,14.0,13.62,3.14
134405,Nelson County,4.6% Bourbon & Zero Sugar Cola Cans 10 Pack 375mL,113.99,42.0,40.85,2.71
797894,Wild Turkey,Rare Bourbon & Cola Cans 320mL,37.49,8.0,8.08,4.69
797894,Wild Turkey,Rare Bourbon & Cola Cans 320mL,192.99,48.0,48.5,4.02
47530,Johnnie Walker,Red Label & Cola Cans 375mL,31.95,8.4,8.17,3.8
47530,Johnnie Walker,Red Label & Cola Cans 375mL,102.95,33.6,32.68,3.06
911752,Jerri Cocktail,Long Island Iced Tea Cans 250mL,29.99,6.4,6.32,4.69
911752,Jerri Cocktail,Long Island Iced Tea Cans 250mL,164.99,38.4,37.89,4.3
280072,Vodka Cruiser,Double Guava 6.8% Cans 375mL,28.95,8.0,8.05,3.62
280072,Vodka Cruiser,Double Guava 6.8% Cans 375mL,149.99,48.0,48.31,3.12
6031606,Smirnoff,Blueberry & Pomegranate 6% Cans 440mL,32.99,8.4,8.34,3.93
6031606,Smirnoff,Blueberry & Pomegranate 6% Cans 440mL,179.99,50.4,50.02,3.57
742130,Vodka Cruiser,Pure Pineapple Bottles 275mL,19.95,4.0,3.99,4.99
742130,Vodka Cruiser,Pure Pineapple Bottles 275mL,88.95,24.0,23.97,3.71
131873,Pals,Vodka Peach Passionfruit & Soda Cans 330mL,25.49,4.8,4.69,5.31
131873,Pals,Vodka Peach Passionfruit & Soda Cans 330mL,57.0,14.4,14.07,3.96
14871,Gordon's,Gin & Tonic Cans 375mL,32.0,7.8,7.99,4.1
14871,Gordon's,Gin & Tonic Cans 375mL,147.8,31.2,31.97,4.74
308771,Lost Scott,Whisky & Cola 6.5% Cans 375mL,25.99,7.6,7.7,3.42
308771,Lost Scott,Whisky & Cola 6.5% Cans 375mL,139.99,45.6,46.18,3.07
77471,Drop,Coconut Water & Vodka Cans 330mL,21.6,4.0,3.86,5.4
77471,Drop,Coconut Water & Vodka Cans 330mL,127.95,24.0,23.13,5.33
910085,Brookvale Union,Vodka Lemonade Cans 330mL,23.1,6.0,6.25,3.85
910085,Brookvale Union,Vodka Lemonade Cans 330mL,79.5,24.0,25.01,3.31
6050639,Brookvale Union,Sun's Out Mixed 10 Pack Cans 330mL,56.99,10.0,10.42,5.7
6050639,Brookvale Union,Sun's Out Mixed 10 Pack Cans 330mL,126.99,30.0,31.26,4.23
235564,Suntory,-196 Double Grape 10 x 330mL,43.0,16.0,15.63,2.69
235564,Suntory,-196 Double Grape 10 x 330mL,137.85,48.0,46.89,2.87
510127,Jack Daniel's,American Serve & Cola Cans 250mL,34.95,8.0,7.89,4.37
510127,Jack Daniel's,American Serve & Cola Cans 250mL,182.99,48.0,47.37,3.81
6025482,Bundaberg,Sunny Rum Mango with Ginger Lime & Soda Cans 375mL,25.0,7.8,7.99,3.21
6025482,Bundaberg,Sunny Rum Mango with Ginger Lime & Soda Cans 375mL,149.99,31.2,31.97,4.81
213605,Bacardi,Coconut 700mL,44.0,14.9,14.92,2.95
908697,Woodstock,Bourbon & Cola 4.8% Cans 10 Pack 375mL,41.95,14.2,14.21,2.95
908697,Woodstock,Bourbon & Cola 4.8% Cans 10 Pack 375mL,125.85,42.6,42.63,2.95
111181,Smirnoff,Seltzer Lime Cans 250mL,21.95,4.0,3.95,5.49
111181,Smirnoff,Seltzer Lime Cans 250mL,131.7,24.0,23.68,5.49
188476,Four Pillars,Rare Dry Gin & Tonic Cans 250mL,28.99,4.0,96.63,7.25
188476,Four Pillars,Rare Dry Gin & Tonic Cans 250mL,139.99,24.0,579.77,5.83
6025810,Hard Rated,Orange Cans 375mL,22.95,5.2,5.33,4.41
6025810,Hard Rated,Orange Cans 375mL,117.9,31.2,31.97,3.78
755576,Billson's,Vodka Mixed Cans 10x355mL,52.99,100.0,9.81,0.53
755576,Billson's,Vodka Mixed Cans 10x355mL,139.99,300.0,29.43,0.47
464424,Kirin,Hyoketsu Vodka Soda Pineapple Can 330mL,26.99,6.4,6.25,4.22
464424,Kirin,Hyoketsu Vodka Soda Pineapple Can 330mL,121.99,38.4,37.51,3.18
389401,Ampersand,Vodka Soda & Passionfruit 6% Cans 330mL,28.99,6.4,6.25,4.53
389401,Ampersand,Vodka Soda & Passionfruit 6% Cans 330mL,135.99,38.4,37.51,3.54
108425,Jim Beam,Black Double Serve Bourbon & Cola 6.9% 10 Pack Cans 375mL,63.0,20.0,20.43,3.15
108425,Jim Beam,Black Double Serve Bourbon & Cola 6.9% 10 Pack Cans 375mL,177.99,60.0,61.28,2.97
238982,Brookvale Union,Vodka Lemon Squash Can 10x330mL,45.6,16.0,1.56,2.85
238982,Brookvale Union,Vodka Lemon Squash Can 10x330mL,117.5,48.0,4.69,2.45
311175,Ampersand,Vodka Soda & Original 4% Cans 330mL,20.0,4.0,4.17,5.0
311175,Ampersand,Vodka Soda & Original 4% Cans 330mL,87.99,24.0,25.01,3.67
198369,Rivka,Vodka Lemon Bottle 275mL,13.99,4.0,3.99,3.5
198369,Rivka,Vodka Lemon Bottle 275mL,74.99,24.0,23.97,3.12
910523,Espolon,Sparkling Margarita Cans 330mL,24.95,4.0,4.69,6.24
910523,Espolon,Sparkling Margarita Cans 330mL,130.99,24.0,28.14,5.46
963124,Jack Daniel's,Double Jack & Cola Cans 10 Pack 375mL,67.95,20.0,20.43,3.4
963124,Jack Daniel's,Double Jack & Cola Cans 10 Pack 375mL,135.9,40.0,40.85,3.4
277560,Billson's,Vodka & Grape Burst Cans 355mL,16.8,4.0,3.92,4.2
277560,Billson's,Vodka & Grape Burst Cans 355mL,97.5,24.0,23.54,4.06
910419,Billson's,Vodka & Sour Peach Cans 355mL,20.0,4.0,3.92,5.0
910419,Billson's,Vodka & Sour Peach Cans 355mL,129.99,24.0,23.54,5.42
742171,Vodka Cruiser,Bold Berry Blend Bottles 275mL,16.1,4.0,3.99,4.03
742171,Vodka Cruiser,Bold Berry Blend Bottles 275mL,75.0,24.0,23.97,3.12
220191,Penni Ave Distillery,"Pepperberry Vodka With Coastal Rosemary, Lemon And Soda Cans 355mL",24.99,4.8,4932.48,5.21
220191,Penni Ave Distillery,"Pepperberry Vodka With Coastal Rosemary, Lemon And Soda Cans 355mL",133.99,28.8,29594.9,4.65
914107,Bundaberg,Rum & Cola Bottle 640mL,13.0,2.3,2.32,5.65
914107,Bundaberg,Rum & Cola Bottle 640mL,149.99,27.6,27.89,5.43
6023221,Monsuta,Premium Highball Whisky Citrus & Soda Cans 350mL,27.99,6.4,6.63,4.37
6023221,Monsuta,Premium Highball Whisky Citrus & Soda Cans 350mL,131.99,38.4,39.79,3.44
6025567,Smirnoff,Crush Passionfruit & Guava Cans 440mL,32.99,8.4,8.34,3.93
6025567,Smirnoff,Crush Passionfruit & Guava Cans 440mL,179.99,50.4,50.02,3.57
385043,Nelson County,6% Bourbon & Cola Cans 375mL,31.99,9.6,10.66,3.33
385043,Nelson County,6% Bourbon & Cola Cans 375mL,114.99,38.4,42.63,2.99
742152,Vodka Cruiser,Lush Guava Bottles 275mL,19.95,4.0,3.99,4.99
742152,Vodka Cruiser,Lush Guava Bottles 275mL,88.95,24.0,23.97,3.71
380671,Wild Turkey,101 Bourbon and Cola Can 375mL,29.0,7.6,7.7,3.82
380671,Wild Turkey,101 Bourbon and Cola Can 375mL,170.99,45.6,46.18,3.75
917461,Johnnie Walker,Red Label & Cola 6.5% Can 375mL,28.0,7.6,7.7,3.68
917461,Johnnie Walker,Red Label & Cola 6.5% Can 375mL,166.99,45.6,46.18,3.66
329005,Smirnoff,Ice Double Black Cans 6.5% 375mL,30.99,7.6,7.7,4.08
329005,Smirnoff,Ice Double Black Cans 6.5% 375mL,162.99,45.6,46.18,3.57
179832,White Claw,Hard Seltzer Watermelon 330mL,20.0,4.8,4.69,4.17
179832,White Claw,Hard Seltzer Watermelon 330mL,129.99,28.8,28.14,4.51
20844,Southern Comfort,& Cola Cans 375mL,26.99,7.8,7.99,3.46
20844,Southern Comfort,& Cola Cans 375mL,90.99,31.2,31.97,2.92
902743,Smirnoff,Ice Red Cans 375mL,34.0,7.8,7.99,4.36
902743,Smirnoff,Ice Red Cans 375mL,129.99,31.2,31.97,4.17
235254,Suntory,-196 Double Grape Can 330mL,17.65,6.4,6.25,2.76
235254,Suntory,-196 Double Grape Can 330mL,90.0,38.4,37.51,2.34
911676,Smirnoff,Crush Mango and Peach Cans 440mL,32.99,8.4,8.34,3.93
911676,Smirnoff,Crush Mango and Peach Cans 440mL,179.99,50.4,50.02,3.57
6047464,Hard Rated,Zero Sugar Lemon Pineapple Cans 375mL,19.5,5.2,5.33,3.75
6047464,Hard Rated,Zero Sugar Lemon Pineapple Cans 375mL,117.99,31.2,31.97,3.78
6020607,Monsuta,Purple Grape Chūhai 7.3% Cans 350mL,18.0,7.6,8.07,2.37
6020607,Monsuta,Purple Grape Chūhai 7.3% Cans 350mL,137.99,45.6,48.41,3.03
304121,Monsuta,Pineapple Chūhai 7.3% Cans 350mL,18.0,8.0,8.07,2.25
304121,Monsuta,Pineapple Chūhai 7.3% Cans 350mL,103.5,48.0,48.41,2.16
63543,SOFI Spritz,Blood Orange & Bitters Cans 250mL,15.3,6.32,6.32,2.42
63543,SOFI Spritz,Blood Orange & Bitters Cans 250mL,76.45,37.92,37.89,2.02
935649,Jack Daniel's,Tennessee Whiskey & No Sugar Cola Cans 375mL,28.99,5.6,5.68,5.18
935649,Jack Daniel's,Tennessee Whiskey & No Sugar Cola Cans 375mL,118.99,33.6,34.1,3.54
881037,Jim Beam,White Label Bourbon & Zero Sugar Cola  375mL Cans,30.0,8.4,8.53,3.57
881037,Jim Beam,White Label Bourbon & Zero Sugar Cola  375mL Cans,99.99,33.6,34.1,2.98
6006087,Hard Rated,Lemon 6% Cans 10x330mL,54.0,16.0,15.63,3.38
6006087,Hard Rated,Lemon 6% Cans 10x330mL,159.99,48.0,46.89,3.33
6005399,Pals,Vodka Pink Lemon and Soda Can 330mL,25.49,4.8,4.69,5.31
6005399,Pals,Vodka Pink Lemon and Soda Can 330mL,57.0,14.4,14.07,3.96
907852,Smirnoff,Ice Double Black Guarana Can 250mL,30.0,20.8,5.13,1.44
907852,Smirnoff,Ice Double Black Guarana Can 250mL,189.99,124.8,30.79,1.52
120650,White Claw,Seltzer Mango Cans 330mL,20.0,4.8,4.69,4.17
120650,White Claw,Seltzer Mango Cans 330mL,129.99,28.8,28.14,4.51
49389,Bundaberg,OP Rum & Cola Cans 375mL,41.99,10.8,10.66,3.89
49389,Bundaberg,OP Rum & Cola Cans 375mL,155.99,43.2,42.63,3.61
389455,Ampersand,Vodka Soda & Pine Lime 6% Cans 330mL,28.99,6.4,6.25,4.53
389455,Ampersand,Vodka Soda & Pine Lime 6% Cans 330mL,135.99,38.4,37.51,3.54
325737,Ampersand,Pink Gin Soda Cans 330mL,20.0,4.0,4.17,5.0
325737,Ampersand,Pink Gin Soda Cans 330mL,124.99,24.0,25.01,5.21
105700,Peelers,Vodka Orange Soda Cans 375mL,19.75,5.2,5.33,3.8
105700,Peelers,Vodka Orange Soda Cans 375mL,109.45,31.2,31.97,3.51
6006083,Hard Rated,Lemon 6% Cans 330mL,29.99,6.4,6.25,4.69
6006083,Hard Rated,Lemon 6% Cans 330mL,149.99,38.4,37.51,3.91
764418,Wild Turkey,101 Bourbon & Zero Cola Cans 10x375mL,65.0,19.0,19.24,3.42
764418,Wild Turkey,101 Bourbon & Zero Cola Cans 10x375mL,188.99,57.0,57.73,3.32
649403,Wild Turkey,101 Bourbon and Zero Sugar Cola 375mL Cans,29.0,7.6,7.7,3.82
649403,Wild Turkey,101 Bourbon and Zero Sugar Cola 375mL Cans,170.99,45.6,46.18,3.75
511814,Pimm's,No 1 Cup Lemonade & Ginger Ale 330mL,25.0,4.0,4.17,6.25
511814,Pimm's,No 1 Cup Lemonade & Ginger Ale 330mL,137.99,24.0,25.01,5.75
138390,UDL,Mixed Cans 10x375mL,47.95,12.0,11.84,4.0
138390,UDL,Mixed Cans 10x375mL,143.85,36.0,35.53,4.0
73531,Gordon's,Premium Pink Gin & Soda Cans 250mL,19.95,3.2,3.16,6.23
73531,Gordon's,Premium Pink Gin & Soda Cans 250mL,119.7,19.2,18.95,6.23
106302,Jack Daniel's,Whiskey & No Sugar Cola Cans 10 Pack 375mL,49.95,14.0,142.1,3.57
106302,Jack Daniel's,Whiskey & No Sugar Cola Cans 10 Pack 375mL,99.9,28.0,284.2,3.57
280989,Smirnoff,Ice Double Black Premium Serve 8% Cans 250mL,28.99,6.4,6.32,4.53
280989,Smirnoff,Ice Double Black Premium Serve 8% Cans 250mL,169.99,38.4,37.89,4.43
911667,Melbourne Martini,Pornstar Martini Cans 120mL,30.99,4.2,4.17,7.38
911667,Melbourne Martini,Pornstar Martini Cans 120mL,169.99,25.2,25.01,6.75
95736,Nelson County,Bourbon & Cola 9% 200mL,20.0,5.6,5.68,3.57
95736,Nelson County,Bourbon & Cola 9% 200mL,118.99,33.6,34.1,3.54
189577,Billson's,Vodka & Fruit Tangle Cans 355mL,20.0,4.0,3.92,5.0
189577,Billson's,Vodka & Fruit Tangle Cans 355mL,129.99,24.0,23.54,5.42
63548,Brookvale Union,Vodka & Peach Iced Tea Cans 330mL,30.0,6.0,6.25,5.0
63548,Brookvale Union,Vodka & Peach Iced Tea Cans 330mL,111.99,24.0,25.01,4.67
6003614,Rainbird,H2coco Coconut Water Vodka & Pineapple 4% Cans 330mL,23.99,4.0,4.17,6.0
6003614,Rainbird,H2coco Coconut Water Vodka & Pineapple 4% Cans 330mL,129.99,24.0,25.01,5.42
742149,Vodka Cruiser,Wild Raspberry Bottles 275mL,19.95,4.0,3.99,4.99
742149,Vodka Cruiser,Wild Raspberry Bottles 275mL,88.95,24.0,23.97,3.71
6025826,Hard Rated,Orange 10pk Cans 375mL,44.95,13.0,13.32,3.46
6025826,Hard Rated,Orange 10pk Cans 375mL,134.85,39.0,39.97,3.46
282520,Brookvale Union,Vodka Passionfruit Can 330mL,30.0,6.0,6.25,5.0
282520,Brookvale Union,Vodka Passionfruit Can 330mL,111.99,24.0,25.01,4.67
326156,23rd Street Distillery,Pineapple & Lime with Australian Vodka Cans 300mL,24.99,4.8,4.74,5.21
326156,23rd Street Distillery,Pineapple & Lime with Australian Vodka Cans 300mL,127.99,28.8,28.42,4.44
911681,Curatif,Pina Colada Cans 130mL,45.0,6.0,5.95,7.5
911681,Curatif,Pina Colada Cans 130mL,279.99,36.0,35.71,7.78
299274,Malocchio,Kakadu Plum Hard Seltzer Can 250mL,20.99,4.0,3.95,5.25
299274,Malocchio,Kakadu Plum Hard Seltzer Can 250mL,104.99,24.0,23.68,4.37
238242,Nelson County,County Blended Bourbon & Cola Can 10x200ml,58.0,19.0,18.95,3.05
238242,Nelson County,County Blended Bourbon & Cola Can 10x200ml,126.99,38.0,37.89,3.34
911665,Jerri Cocktail,Moscow Mule Cans 250mL,27.0,6.4,6.32,4.22
911665,Jerri Cocktail,Moscow Mule Cans 250mL,164.99,38.4,37.89,4.3
432757,Jameson,Irish Whiskey Smooth Dry & Lime 6.3% Cans 375mL,24.95,7.6,7.46,3.28
432757,Jameson,Irish Whiskey Smooth Dry & Lime 6.3% Cans 375mL,149.7,45.6,44.76,3.28
521602,Bundaberg,Campfire Bourbon Barrel Finished Rum & Cola 6% Cans 375mL,24.95,7.2,7.11,3.47
521602,Bundaberg,Campfire Bourbon Barrel Finished Rum & Cola 6% Cans 375mL,149.7,43.2,42.63,3.47
6027067,Bacardi,Rum and Coca-Cola 330mL Can,19.95,4.8,5.0,4.16
6027067,Bacardi,Rum and Coca-Cola 330mL Can,119.7,28.8,30.01,4.16
332465,The Kraken,Spiced Rum & Cola Cans 330mL,25.0,5.6,5.73,4.46
332465,The Kraken,Spiced Rum & Cola Cans 330mL,155.99,33.6,34.39,4.64
279853,Vodka Cruiser,Double Lemon Lime 6.8% Cans 375mL,28.95,8.0,8.05,3.62
279853,Vodka Cruiser,Double Lemon Lime 6.8% Cans 375mL,149.99,48.0,48.31,3.12
162729,Wild Turkey,101 Bourbon & Cola 330mL Bottles,29.0,7.6,6.77,3.82
162729,Wild Turkey,101 Bourbon & Cola 330mL Bottles,167.99,45.6,40.64,3.68
504822,Hard Rated,Zero Sugar 10pk Cans 375mL,44.95,13.0,13.32,3.46
504822,Hard Rated,Zero Sugar 10pk Cans 375mL,134.85,39.0,39.97,3.46
910072,Vodka Cruiser,Zero Sugar Mixed Berry Cans 275mL,22.99,4.0,3.99,5.75
910072,Vodka Cruiser,Zero Sugar Mixed Berry Cans 275mL,89.0,24.0,23.97,3.71
55081,Nelson County,Zero Sugar Bourbon & Cola Cans 375mL,25.0,10.38,8.17,2.41
55081,Nelson County,Zero Sugar Bourbon & Cola Cans 375mL,89.99,41.52,32.68,2.17
910465,Jameson,Smooth Dry Lime 4.8% Cans 330mL,23.99,5.2,5.0,4.61
910465,Jameson,Smooth Dry Lime 4.8% Cans 330mL,123.99,31.2,30.01,3.97
388032,Fellr,Fellr Seltzer Mixed Pack Cans 10x330mL,46.99,10.0,10.42,4.7
388032,Fellr,Fellr Seltzer Mixed Pack Cans 10x330mL,142.99,30.0,31.26,4.77
6027081,Suntory,-196 Double Lemon 9% Cans 250mL,24.95,7.2,7.11,3.47
6027081,Suntory,-196 Double Lemon 9% Cans 250mL,135.0,43.2,42.63,3.12
742207,Vodka Cruiser,Mixed 10 Pack Bottles 275mL,43.95,10.0,9.99,4.4
742207,Vodka Cruiser,Mixed 10 Pack Bottles 275mL,124.99,30.0,29.96,4.17
6028808,Brookvale Union,Vodka Pineapple & Coconut Cans 330mL,30.0,6.0,6.25,5.0
6028808,Brookvale Union,Vodka Pineapple & Coconut Cans 330mL,111.99,24.0,25.01,4.67
309580,Ampersand,Whisky & Dry Lime Extra Strength Cans 330mL,28.49,6.24,6.25,4.57
309580,Ampersand,Whisky & Dry Lime Extra Strength Cans 330mL,102.99,24.96,25.01,4.13
164085,Brookvale Union,Lemon Lime & Bitters Cans 330mL,27.95,6.0,6.25,4.66
164085,Brookvale Union,Lemon Lime & Bitters Cans 330mL,102.95,24.0,25.01,4.29
907461,Smirnoff,Ice Double Black Cans 10 Pack 375mL,51.95,19.0,19.24,2.73
907461,Smirnoff,Ice Double Black Cans 10 Pack 375mL,155.85,57.0,57.73,2.73
72258,Jim Beam,White Label Bourbon & Cola Cans 375mL,29.95,8.4,8.53,3.57
72258,Jim Beam,White Label Bourbon & Cola Cans 375mL,98.0,33.6,34.1,2.92
6028803,Four Pillars,Gin Crush Cans 330mL,27.99,5.2,5.0,5.38
6028803,Four Pillars,Gin Crush Cans 330mL,139.99,31.2,30.01,4.49
130169,Moon Dog,Fizzer Tropical Crush Seltzer Can 330mL,19.99,4.0,4.17,5.0
130169,Moon Dog,Fizzer Tropical Crush Seltzer Can 330mL,76.99,24.0,25.01,3.21
911683,Ampersand,Whisky & Lemonade Cans 330mL,20.0,4.16,4.17,4.81
911683,Ampersand,Whisky & Lemonade Cans 330mL,82.99,16.64,16.67,4.99
905930,Woodstock,Bourbon & Cola 4.8% Cans 375mL,29.0,8.52,8.53,3.4
905930,Woodstock,Bourbon & Cola 4.8% Cans 375mL,99.95,34.08,34.1,2.93
6047466,Hard Rated,Mixed 4.5% Cans 10x375mL,50.99,13.0,13.32,3.92
6047466,Hard Rated,Mixed 4.5% Cans 10x375mL,138.99,39.0,39.97,3.56
915872,Canadian Club,Whisky & Dry 4.8% Cans 375mL,29.95,8.4,8.53,3.57
915872,Canadian Club,Whisky & Dry 4.8% Cans 375mL,98.0,33.6,34.1,2.92
6028806,Smirnoff,Double Black Tropical Cans 6.5% Cans 375mL,21.0,7.6,7.7,2.76
6028806,Smirnoff,Double Black Tropical Cans 6.5% Cans 375mL,122.25,45.6,46.18,2.68
6025616,Hard Fizz,Vodka Pineapple Cans 330mL,23.0,4.0,4.17,5.75
6025616,Hard Fizz,Vodka Pineapple Cans 330mL,138.99,24.0,25.01,5.79
314375,Ned Australian Whisky,& Cola 6% 10 pack Cans 375mL,56.99,18.0,17.76,3.17
314375,Ned Australian Whisky,& Cola 6% 10 pack Cans 375mL,149.99,54.0,53.29,2.78
162761,Moon Dog,Fizzer Seltzer Mixed Pack Cans 330mL,39.99,10.0,10.42,4.0
162761,Moon Dog,Fizzer Seltzer Mixed Pack Cans 330mL,119.99,30.0,31.26,4.0
750249,Jack Daniel's,Tennessee Whiskey & Cola Cans 375mL,35.95,8.4,8.53,4.28
750249,Jack Daniel's,Tennessee Whiskey & Cola Cans 375mL,118.99,33.6,34.1,3.54
338455,Woodstock,Bourbon & Cola  6% Cans 375mL,37.99,10.8,10.66,3.52
338455,Woodstock,Bourbon & Cola  6% Cans 375mL,139.99,43.2,42.63,3.24
234596,Brookvale Union,Vodka Lemon Squash Cans 330mL,21.95,6.4,6.25,3.43
234596,Brookvale Union,Vodka Lemon Squash Cans 330mL,131.7,38.4,37.51,3.43
850617,Gentleman Jack,Rare Tennessee Whiskey & Cola 330mL,31.95,6.4,150.06,4.99
850617,Gentleman Jack,Rare Tennessee Whiskey & Cola 330mL,169.99,38.4,900.35,4.43
65509,Johnnie Walker,Black & Cola 6% Cans 375mL,32.99,7.2,7.11,4.58
65509,Johnnie Walker,Black & Cola 6% Cans 375mL,159.99,43.2,42.63,3.7
165722,Jose Cuervo,SparklingMargarita 330ml,26.99,4.4,4.38,6.13
165722,Jose Cuervo,SparklingMargarita 330ml,145.99,26.4,26.26,5.53
106538,Bombay Sapphire,Gin & Tonic Double Serve 10% Cans 250mL,31.95,8.0,7.89,3.99
106538,Bombay Sapphire,Gin & Tonic Double Serve 10% Cans 250mL,177.99,48.0,47.37,3.71
772047,Jim Beam,White Label Bourbon & Zero Sugar Cola Cans 10 Pack 375mL,45.95,14.0,14.21,3.28
772047,Jim Beam,White Label Bourbon & Zero Sugar Cola Cans 10 Pack 375mL,135.99,42.0,42.63,3.24
6027054,Jim Beam,Vanilla & Cola 4.8% Cans 375mL,30.0,8.4,8.53,3.57
6027054,Jim Beam,Vanilla & Cola 4.8% Cans 375mL,99.99,33.6,34.1,2.98
6056328,Calabria,Belena Passionfruit Spritz,18.99,5.3,5.33,3.58
6056328,Calabria,Belena Passionfruit Spritz,108.6,31.8,31.97,3.42
6005405,Sour Puss,Alcoholic Sour Watermelon Cans 330mL,18.99,8.4,8.34,2.26
6005405,Sour Puss,Alcoholic Sour Watermelon Cans 330mL,89.99,50.4,50.02,1.79
906979,Bundaberg,Rum & Cola Cans 10 Pack 375mL,47.95,14.0,13.62,3.43
906979,Bundaberg,Rum & Cola Cans 10 Pack 375mL,143.85,42.0,40.85,3.42
28730,Bundaberg,Rum & Cola Cans 375mL,31.95,8.4,8.17,3.8
28730,Bundaberg,Rum & Cola Cans 375mL,102.95,33.6,32.68,3.06
783490,Smirnoff,Ice Double Black Zero Sugar Cans 375mL,27.95,7.6,7.7,3.68
783490,Smirnoff,Ice Double Black Zero Sugar Cans 375mL,162.99,45.6,46.18,3.57
829091,Jack Daniel's,American Serve and Cola Cans 10 Packs 250mL,71.95,40.0,197.36,1.8
829091,Jack Daniel's,American Serve and Cola Cans 10 Packs 250mL,115.99,80.0,394.73,1.45
910493,Espolon,Sparkling Paloma Cans 330mL,24.95,4.0,4.69,6.24
910493,Espolon,Sparkling Paloma Cans 330mL,130.99,24.0,28.14,5.46
914545,Monsuta,Green Apple Chuhai 7.3% Can 350mL,18.0,8.8,8.07,2.05
914545,Monsuta,Green Apple Chuhai 7.3% Can 350mL,137.99,52.8,48.41,2.61
432793,Woodstock,Bourbon & Cola 12% Cans 200mL,28.95,7.6,7.58,3.81
432793,Woodstock,Bourbon & Cola 12% Cans 200mL,145.99,45.6,45.47,3.2
198368,Rivka,Vodka & Raspberry Can 275ml;Vodka & Raspberry Bottle 275mL,13.99,4.0,3.99,3.5
198368,Rivka,Vodka & Raspberry Can 275ml;Vodka & Raspberry Bottle 275mL,74.99,24.0,23.97,3.12
910795,Jameson,Cola 4.8% Cans 330mL,23.99,5.2,5.0,4.61
910795,Jameson,Cola 4.8% Cans 330mL,123.99,31.2,30.01,3.97
6020608,Monsuta,Lemon Chūhai 7.3% Cans 350mL,18.0,7.6,8.07,2.37
6020608,Monsuta,Lemon Chūhai 7.3% Cans 350mL,103.5,45.6,48.41,2.27
520566,Bundaberg,Campfire Bourbon Barrel Finished Rum & Cola 6% Cans 10x375mL,60.99,18.0,17.76,3.39
520566,Bundaberg,Campfire Bourbon Barrel Finished Rum & Cola 6% Cans 10x375mL,173.99,54.0,53.29,3.22
6025468,Jose Cuervo,Coconut Sparkling Margarita Cans 330mL,26.99,4.4,4.38,6.13
6025468,Jose Cuervo,Coconut Sparkling Margarita Cans 330mL,145.99,26.4,26.26,5.53
780046,Jack Daniel's,Double Jack & Cola Cans 375mL,31.95,8.0,8.17,3.99
780046,Jack Daniel's,Double Jack & Cola Cans 375mL,172.99,48.0,49.02,3.6
502333,Hard Rated,Zero Sugar Cans 375mL,22.95,5.2,5.33,4.41
502333,Hard Rated,Zero Sugar Cans 375mL,114.95,31.2,31.97,3.68
6025521,Ampersand,Vodka & Lemonade Cans 330mL,28.99,6.4,6.25,4.53
6025521,Ampersand,Vodka & Lemonade Cans 330mL,135.99,38.4,37.51,3.54
6003850,Smirnoff,Vodka Crush Mixed Pack 6% Cans 10x440mL,64.0,21.0,20.84,3.05
6003850,Smirnoff,Vodka Crush Mixed Pack 6% Cans 10x440mL,189.99,63.0,62.52,3.02
6027043,Canadian Club,Lemon Crush Whisky 4.8% 10 Pack Cans 375mL,45.95,14.0,142.1,3.28
6027043,Canadian Club,Lemon Crush Whisky 4.8% 10 Pack Cans 375mL,135.99,42.0,426.3,3.24
105574,23rd Street Distillery,Signature Gin & Tonic Cans 300mL,25.99,5.2,5.21,5.0
105574,23rd Street Distillery,Signature Gin & Tonic Cans 300mL,124.99,31.2,31.26,4.01
