product ids,url
850672,https://www.danmurphys.com.au/product/DM_850672
466239,https://www.danmurphys.com.au/product/DM_466239
6017260,https://www.danmurphys.com.au/product/DM_6017260
53295,https://www.danmurphys.com.au/product/DM_53295
906512,https://www.danmurphys.com.au/product/DM_906512
6003835,https://www.danmurphys.com.au/product/DM_6003835
311718,https://www.danmurphys.com.au/product/DM_311718
171431,https://www.danmurphys.com.au/product/DM_171431
310833,https://www.danmurphys.com.au/product/DM_310833
165421,https://www.danmurphys.com.au/product/DM_165421
6003789,https://www.danmurphys.com.au/product/DM_6003789
6005398,https://www.danmurphys.com.au/product/DM_6005398
6030690,https://www.danmurphys.com.au/product/DM_6030690
752871,https://www.danmurphys.com.au/product/DM_752871
6025897,https://www.danmurphys.com.au/product/DM_6025897
757069,https://www.danmurphys.com.au/product/DM_757069
901306,https://www.danmurphys.com.au/product/DM_901306
58610,https://www.danmurphys.com.au/product/DM_58610
6047465,https://www.danmurphys.com.au/product/DM_6047465
174182,https://www.danmurphys.com.au/product/DM_174182
579096,https://www.danmurphys.com.au/product/DM_579096
902105,https://www.danmurphys.com.au/product/DM_902105
411233,https://www.danmurphys.com.au/product/DM_411233
114350,https://www.danmurphys.com.au/product/DM_114350
445670,https://www.danmurphys.com.au/product/DM_445670
677746,https://www.danmurphys.com.au/product/DM_677746
750088,https://www.danmurphys.com.au/product/DM_750088
308777,https://www.danmurphys.com.au/product/DM_308777
81669,https://www.danmurphys.com.au/product/DM_81669
179762,https://www.danmurphys.com.au/product/DM_179762
779961,https://www.danmurphys.com.au/product/DM_779961
222734,https://www.danmurphys.com.au/product/DM_222734
758847,https://www.danmurphys.com.au/product/DM_758847
172755,https://www.danmurphys.com.au/product/DM_172755
6025555,https://www.danmurphys.com.au/product/DM_6025555
220183,https://www.danmurphys.com.au/product/DM_220183
114538,https://www.danmurphys.com.au/product/DM_114538
326527,https://www.danmurphys.com.au/product/DM_326527
6025822,https://www.danmurphys.com.au/product/DM_6025822
908746,https://www.danmurphys.com.au/product/DM_908746
910447,https://www.danmurphys.com.au/product/DM_910447
120076,https://www.danmurphys.com.au/product/DM_120076
6025559,https://www.danmurphys.com.au/product/DM_6025559
172366,https://www.danmurphys.com.au/product/DM_172366
762765,https://www.danmurphys.com.au/product/DM_762765
902671,https://www.danmurphys.com.au/product/DM_902671
312083,https://www.danmurphys.com.au/product/DM_312083
6025839,https://www.danmurphys.com.au/product/DM_6025839
198364,https://www.danmurphys.com.au/product/DM_198364
6025601,https://www.danmurphys.com.au/product/DM_6025601
626975,https://www.danmurphys.com.au/product/DM_626975
812182,https://www.danmurphys.com.au/product/DM_812182
911083,https://www.danmurphys.com.au/product/DM_911083
342492,https://www.danmurphys.com.au/product/DM_342492
482368,https://www.danmurphys.com.au/product/DM_482368
234618,https://www.danmurphys.com.au/product/DM_234618
910087,https://www.danmurphys.com.au/product/DM_910087
313576,https://www.danmurphys.com.au/product/DM_313576
6027058,https://www.danmurphys.com.au/product/DM_6027058
783398,https://www.danmurphys.com.au/product/DM_783398
62236,https://www.danmurphys.com.au/product/DM_62236
771561,https://www.danmurphys.com.au/product/DM_771561
726206,https://www.danmurphys.com.au/product/DM_726206
6025474,https://www.danmurphys.com.au/product/DM_6025474
910791,https://www.danmurphys.com.au/product/DM_910791
6004607,https://www.danmurphys.com.au/product/DM_6004607
910080,https://www.danmurphys.com.au/product/DM_910080
235563,https://www.danmurphys.com.au/product/DM_235563
916424,https://www.danmurphys.com.au/product/DM_916424
311230,https://www.danmurphys.com.au/product/DM_311230
494616,https://www.danmurphys.com.au/product/DM_494616
171578,https://www.danmurphys.com.au/product/DM_171578
6006085,https://www.danmurphys.com.au/product/DM_6006085
509606,https://www.danmurphys.com.au/product/DM_509606
466285,https://www.danmurphys.com.au/product/DM_466285
6025496,https://www.danmurphys.com.au/product/DM_6025496
310883,https://www.danmurphys.com.au/product/DM_310883
6029137,https://www.danmurphys.com.au/product/DM_6029137
6029135,https://www.danmurphys.com.au/product/DM_6029135
6025570,https://www.danmurphys.com.au/product/DM_6025570
6005402,https://www.danmurphys.com.au/product/DM_6005402
6025837,https://www.danmurphys.com.au/product/DM_6025837
6025479,https://www.danmurphys.com.au/product/DM_6025479
506716,https://www.danmurphys.com.au/product/DM_506716
172518,https://www.danmurphys.com.au/product/DM_172518
134406,https://www.danmurphys.com.au/product/DM_134406
352786,https://www.danmurphys.com.au/product/DM_352786
798168,https://www.danmurphys.com.au/product/DM_798168
235448,https://www.danmurphys.com.au/product/DM_235448
902511,https://www.danmurphys.com.au/product/DM_902511
313569,https://www.danmurphys.com.au/product/DM_313569
470928,https://www.danmurphys.com.au/product/DM_470928
180085,https://www.danmurphys.com.au/product/DM_180085
151693,https://www.danmurphys.com.au/product/DM_151693
6025537,https://www.danmurphys.com.au/product/DM_6025537
109780,https://www.danmurphys.com.au/product/DM_109780
102333,https://www.danmurphys.com.au/product/DM_102333
6025886,https://www.danmurphys.com.au/product/DM_6025886
348811,https://www.danmurphys.com.au/product/DM_348811
759371,https://www.danmurphys.com.au/product/DM_759371
309818,https://www.danmurphys.com.au/product/DM_309818
6027078,https://www.danmurphys.com.au/product/DM_6027078
89314,https://www.danmurphys.com.au/product/DM_89314
910443,https://www.danmurphys.com.au/product/DM_910443
104558,https://www.danmurphys.com.au/product/DM_104558
6003859,https://www.danmurphys.com.au/product/DM_6003859
907574,https://www.danmurphys.com.au/product/DM_907574
6025493,https://www.danmurphys.com.au/product/DM_6025493
6003836,https://www.danmurphys.com.au/product/DM_6003836
6027085,https://www.danmurphys.com.au/product/DM_6027085
6003854,https://www.danmurphys.com.au/product/DM_6003854
111131,https://www.danmurphys.com.au/product/DM_111131
111335,https://www.danmurphys.com.au/product/DM_111335
173955,https://www.danmurphys.com.au/product/DM_173955
332506,https://www.danmurphys.com.au/product/DM_332506
311478,https://www.danmurphys.com.au/product/DM_311478
910060,https://www.danmurphys.com.au/product/DM_910060
21234,https://www.danmurphys.com.au/product/DM_21234
235442,https://www.danmurphys.com.au/product/DM_235442
699585,https://www.danmurphys.com.au/product/DM_699585
109921,https://www.danmurphys.com.au/product/DM_109921
742166,https://www.danmurphys.com.au/product/DM_742166
6025531,https://www.danmurphys.com.au/product/DM_6025531
132855,https://www.danmurphys.com.au/product/DM_132855
910073,https://www.danmurphys.com.au/product/DM_910073
309490,https://www.danmurphys.com.au/product/DM_309490
910082,https://www.danmurphys.com.au/product/DM_910082
313132,https://www.danmurphys.com.au/product/DM_313132
917386,https://www.danmurphys.com.au/product/DM_917386
62916,https://www.danmurphys.com.au/product/DM_62916
509604,https://www.danmurphys.com.au/product/DM_509604
716873,https://www.danmurphys.com.au/product/DM_716873
500128,https://www.danmurphys.com.au/product/DM_500128
313244,https://www.danmurphys.com.au/product/DM_313244
173953,https://www.danmurphys.com.au/product/DM_173953
6050638,https://www.danmurphys.com.au/product/DM_6050638
161128,https://www.danmurphys.com.au/product/DM_161128
94952,https://www.danmurphys.com.au/product/DM_94952
234610,https://www.danmurphys.com.au/product/DM_234610
278428,https://www.danmurphys.com.au/product/DM_278428
716214,https://www.danmurphys.com.au/product/DM_716214
313577,https://www.danmurphys.com.au/product/DM_313577
296474,https://www.danmurphys.com.au/product/DM_296474
6027062,https://www.danmurphys.com.au/product/DM_6027062
280542,https://www.danmurphys.com.au/product/DM_280542
509738,https://www.danmurphys.com.au/product/DM_509738
6003860,https://www.danmurphys.com.au/product/DM_6003860
911756,https://www.danmurphys.com.au/product/DM_911756
80103,https://www.danmurphys.com.au/product/DM_80103
6008079,https://www.danmurphys.com.au/product/DM_6008079
742237,https://www.danmurphys.com.au/product/DM_742237
134405,https://www.danmurphys.com.au/product/DM_134405
797894,https://www.danmurphys.com.au/product/DM_797894
47530,https://www.danmurphys.com.au/product/DM_47530
911752,https://www.danmurphys.com.au/product/DM_911752
280072,https://www.danmurphys.com.au/product/DM_280072
6031606,https://www.danmurphys.com.au/product/DM_6031606
742130,https://www.danmurphys.com.au/product/DM_742130
131873,https://www.danmurphys.com.au/product/DM_131873
14871,https://www.danmurphys.com.au/product/DM_14871
308771,https://www.danmurphys.com.au/product/DM_308771
77471,https://www.danmurphys.com.au/product/DM_77471
910085,https://www.danmurphys.com.au/product/DM_910085
6050639,https://www.danmurphys.com.au/product/DM_6050639
235564,https://www.danmurphys.com.au/product/DM_235564
510127,https://www.danmurphys.com.au/product/DM_510127
6025482,https://www.danmurphys.com.au/product/DM_6025482
213605,https://www.danmurphys.com.au/product/DM_213605
908697,https://www.danmurphys.com.au/product/DM_908697
111181,https://www.danmurphys.com.au/product/DM_111181
188476,https://www.danmurphys.com.au/product/DM_188476
6025810,https://www.danmurphys.com.au/product/DM_6025810
755576,https://www.danmurphys.com.au/product/DM_755576
464424,https://www.danmurphys.com.au/product/DM_464424
389401,https://www.danmurphys.com.au/product/DM_389401
108425,https://www.danmurphys.com.au/product/DM_108425
238982,https://www.danmurphys.com.au/product/DM_238982
311175,https://www.danmurphys.com.au/product/DM_311175
198369,https://www.danmurphys.com.au/product/DM_198369
910523,https://www.danmurphys.com.au/product/DM_910523
963124,https://www.danmurphys.com.au/product/DM_963124
277560,https://www.danmurphys.com.au/product/DM_277560
910419,https://www.danmurphys.com.au/product/DM_910419
742171,https://www.danmurphys.com.au/product/DM_742171
220191,https://www.danmurphys.com.au/product/DM_220191
914107,https://www.danmurphys.com.au/product/DM_914107
6023221,https://www.danmurphys.com.au/product/DM_6023221
6025567,https://www.danmurphys.com.au/product/DM_6025567
385043,https://www.danmurphys.com.au/product/DM_385043
742152,https://www.danmurphys.com.au/product/DM_742152
380671,https://www.danmurphys.com.au/product/DM_380671
917461,https://www.danmurphys.com.au/product/DM_917461
329005,https://www.danmurphys.com.au/product/DM_329005
179832,https://www.danmurphys.com.au/product/DM_179832
20844,https://www.danmurphys.com.au/product/DM_20844
902743,https://www.danmurphys.com.au/product/DM_902743
235254,https://www.danmurphys.com.au/product/DM_235254
911676,https://www.danmurphys.com.au/product/DM_911676
6047464,https://www.danmurphys.com.au/product/DM_6047464
6020607,https://www.danmurphys.com.au/product/DM_6020607
304121,https://www.danmurphys.com.au/product/DM_304121
63543,https://www.danmurphys.com.au/product/DM_63543
935649,https://www.danmurphys.com.au/product/DM_935649
881037,https://www.danmurphys.com.au/product/DM_881037
6006087,https://www.danmurphys.com.au/product/DM_6006087
6005399,https://www.danmurphys.com.au/product/DM_6005399
907852,https://www.danmurphys.com.au/product/DM_907852
120650,https://www.danmurphys.com.au/product/DM_120650
49389,https://www.danmurphys.com.au/product/DM_49389
389455,https://www.danmurphys.com.au/product/DM_389455
325737,https://www.danmurphys.com.au/product/DM_325737
105700,https://www.danmurphys.com.au/product/DM_105700
6006083,https://www.danmurphys.com.au/product/DM_6006083
764418,https://www.danmurphys.com.au/product/DM_764418
649403,https://www.danmurphys.com.au/product/DM_649403
511814,https://www.danmurphys.com.au/product/DM_511814
138390,https://www.danmurphys.com.au/product/DM_138390
73531,https://www.danmurphys.com.au/product/DM_73531
106302,https://www.danmurphys.com.au/product/DM_106302
280989,https://www.danmurphys.com.au/product/DM_280989
911667,https://www.danmurphys.com.au/product/DM_911667
95736,https://www.danmurphys.com.au/product/DM_95736
189577,https://www.danmurphys.com.au/product/DM_189577
63548,https://www.danmurphys.com.au/product/DM_63548
6003614,https://www.danmurphys.com.au/product/DM_6003614
742149,https://www.danmurphys.com.au/product/DM_742149
6025826,https://www.danmurphys.com.au/product/DM_6025826
282520,https://www.danmurphys.com.au/product/DM_282520
326156,https://www.danmurphys.com.au/product/DM_326156
911681,https://www.danmurphys.com.au/product/DM_911681
299274,https://www.danmurphys.com.au/product/DM_299274
238242,https://www.danmurphys.com.au/product/DM_238242
911665,https://www.danmurphys.com.au/product/DM_911665
432757,https://www.danmurphys.com.au/product/DM_432757
521602,https://www.danmurphys.com.au/product/DM_521602
6027067,https://www.danmurphys.com.au/product/DM_6027067
332465,https://www.danmurphys.com.au/product/DM_332465
279853,https://www.danmurphys.com.au/product/DM_279853
162729,https://www.danmurphys.com.au/product/DM_162729
504822,https://www.danmurphys.com.au/product/DM_504822
910072,https://www.danmurphys.com.au/product/DM_910072
55081,https://www.danmurphys.com.au/product/DM_55081
910465,https://www.danmurphys.com.au/product/DM_910465
388032,https://www.danmurphys.com.au/product/DM_388032
6027081,https://www.danmurphys.com.au/product/DM_6027081
742207,https://www.danmurphys.com.au/product/DM_742207
6028808,https://www.danmurphys.com.au/product/DM_6028808
309580,https://www.danmurphys.com.au/product/DM_309580
164085,https://www.danmurphys.com.au/product/DM_164085
907461,https://www.danmurphys.com.au/product/DM_907461
72258,https://www.danmurphys.com.au/product/DM_72258
6028803,https://www.danmurphys.com.au/product/DM_6028803
130169,https://www.danmurphys.com.au/product/DM_130169
911683,https://www.danmurphys.com.au/product/DM_911683
905930,https://www.danmurphys.com.au/product/DM_905930
6047466,https://www.danmurphys.com.au/product/DM_6047466
915872,https://www.danmurphys.com.au/product/DM_915872
6028806,https://www.danmurphys.com.au/product/DM_6028806
6025616,https://www.danmurphys.com.au/product/DM_6025616
314375,https://www.danmurphys.com.au/product/DM_314375
162761,https://www.danmurphys.com.au/product/DM_162761
750249,https://www.danmurphys.com.au/product/DM_750249
338455,https://www.danmurphys.com.au/product/DM_338455
234596,https://www.danmurphys.com.au/product/DM_234596
850617,https://www.danmurphys.com.au/product/DM_850617
65509,https://www.danmurphys.com.au/product/DM_65509
165722,https://www.danmurphys.com.au/product/DM_165722
106538,https://www.danmurphys.com.au/product/DM_106538
772047,https://www.danmurphys.com.au/product/DM_772047
6027054,https://www.danmurphys.com.au/product/DM_6027054
6056328,https://www.danmurphys.com.au/product/DM_6056328
6005405,https://www.danmurphys.com.au/product/DM_6005405
906979,https://www.danmurphys.com.au/product/DM_906979
28730,https://www.danmurphys.com.au/product/DM_28730
783490,https://www.danmurphys.com.au/product/DM_783490
829091,https://www.danmurphys.com.au/product/DM_829091
910493,https://www.danmurphys.com.au/product/DM_910493
914545,https://www.danmurphys.com.au/product/DM_914545
432793,https://www.danmurphys.com.au/product/DM_432793
198368,https://www.danmurphys.com.au/product/DM_198368
910795,https://www.danmurphys.com.au/product/DM_910795
6020608,https://www.danmurphys.com.au/product/DM_6020608
520566,https://www.danmurphys.com.au/product/DM_520566
6025468,https://www.danmurphys.com.au/product/DM_6025468
780046,https://www.danmurphys.com.au/product/DM_780046
502333,https://www.danmurphys.com.au/product/DM_502333
6025521,https://www.danmurphys.com.au/product/DM_6025521
6003850,https://www.danmurphys.com.au/product/DM_6003850
6027043,https://www.danmurphys.com.au/product/DM_6027043
105574,https://www.danmurphys.com.au/product/DM_105574
